{"cameraMode":{"drawMode":0,"name":"Shaded","section":"Shading Mode"},"sceneLighting":false,"audioPlay":false,"sceneViewState":{"showFog":true,"showMaterialUpdate":false,"showSkybox":false,"showFlares":true,"showImageEffects":true,"showParticleSystems":true},"in2DMode":false,"pivot":{"x":1.629199743270874,"y":1.4421982765197755,"z":-0.7330207824707031},"rotation":{"x":-0.2233991175889969,"y":-0.009652195498347283,"z":0.00221270346082747,"w":-0.9746825695037842},"size":7.4774394035339359,"orthographic":false}